,beta0,beta1,beta2,beta3,tau1,tau2
2022-01-27,161.21938133322337,-159.2187949185096,22.49832345490829,33.86318819276685,-3603.105218088991,-6070.586644186381
2022-01-28,77.62654057670242,-75.62417044332865,8.367881174774407,32.71267384695604,-1929.849754025036,-2655.6535444199353
2022-01-31,43.65500962102244,-41.645175466474214,-4.280342939581529,70.93740477983512,-1384.4084602299442,-2493.427034633228
2022-02-01,45.035066582895375,-43.02082418040148,-2.3051799093676126,73.51874414378823,-1363.3583931176631,-2809.907332493796
2022-02-02,183.8093804505838,-181.7883714205396,39.95310407060132,37.209594542563735,-4515.641277953066,-4250.281106300049
2022-02-03,49.20860697845231,-47.18716990946243,1.6201484161429014,79.92809117244599,-1499.59487044514,-3359.088443234048
2022-02-04,51.64477136895577,-49.6190125410913,-0.24802750428596537,83.20764146209912,-1562.9129766866715,-3324.626840516425
2022-02-07,-2943.397507157013,2943.578148254253,2856.2527368601463,53.8534241235548,-684.9660985033569,0.07946379813231583
2022-02-08,179.599159610802,-177.12821749532645,-252.99904117411725,532.0665033823302,-186.57653993541632,-892.86452990622
2022-02-09,37.38201053632016,-35.3664813448897,-6.721629264731134,65.63350294613541,-1052.6627848232663,-2548.7604886560266
2022-02-10,177.68276557673033,-175.2003023238002,-264.6632394239167,525.2712748860043,-189.29462130881492,-791.2559939560641
2022-02-11,189.38509122089707,-186.89755747501238,-266.615466798377,537.4053627256778,-189.54786764635804,-877.2818955548896
2022-02-14,48.97216895105886,-46.93826333885109,-1.4308634664773998,52.2181625587239,-1300.9919714058467,-2866.2992547624044
2022-02-15,60.17173611259296,-58.12984200427931,-1.7683608856017685,60.59457116137163,-1660.3624422469204,-2975.5761601104778
2022-02-16,53.573405603373786,-51.52936046564706,1.4056580486424448,52.03648813714714,-1440.9578971819303,-2903.0574780995253
2022-02-17,70.71178194669434,-68.66296653986994,4.074120424731615,55.64190344055712,-1821.6291659968056,-3555.588000030984
2022-02-18,50.97426952317222,-48.920415822766465,-5.327798836279366,77.35334196304566,-1443.63446096656,-2902.3948942538073
2022-02-21,76.39814031693005,-74.3308401413617,6.833716794022193,50.67366821095518,-1670.4720831615023,-5504.915596926257
2022-02-22,65.99177193063483,-63.430634771553656,-214.67221296507373,924.1244476707559,-182.16220631879193,-893.109735606644
2022-02-23,63.17922990714201,-60.615211521257116,-175.76619940121782,784.1776120389669,-165.51677810593782,-871.8539376367481
2022-02-24,60.721228856128626,-58.1498777776468,-197.4345680984602,854.6556891576437,-174.52580479533987,-851.6634589493551
2022-02-25,80.20839950987495,-77.6281502157198,-211.88627708637324,955.9949297026507,-179.06652631086408,-998.8975055126174
2022-02-28,59.068027737804016,-56.46719631011902,-191.63111743056248,842.6149737702548,-170.0259746789143,-838.3668858117031
2022-03-01,56.89245854100932,-54.28106501465301,-182.6769593792636,879.0822043815842,-166.65358845509724,-892.296930332066
2022-03-02,52.889120475814934,-50.27200820079582,-187.2434964356395,870.9587419181016,-168.42151612961928,-847.5554214703427
2022-03-03,64.7521412110171,-62.12478683454076,-190.8147378308384,915.330022552376,-168.96540488822956,-936.8054164418592
2022-03-04,54.1528289424122,-51.51909669949042,-164.03937928818868,797.9825321572476,-157.2542876480099,-855.900574831688
2022-03-07,66.21448296164196,-63.55609874819883,-150.65439509193766,775.9506408198129,-149.07765166056194,-966.0593848268617
2022-03-08,57.036308754246015,-54.36534696817666,-207.41273127606456,922.6632947593993,-172.67862253731982,-832.5879282010239
2022-03-09,59.121921337902414,-56.44908793524506,-187.2743004002708,808.2447145646732,-163.4838097391326,-791.7605270051797
2022-03-10,573.2013764568106,-565.9733786313977,50.61779366405864,-19.200640245639455,-2815.167937870464,3.605999547892337
2022-03-11,64.9094865662194,-62.223377672206865,-215.7879937172254,929.9948263392915,-173.9498627257021,-840.4569907484899
2022-03-14,99.81905515506095,-97.66229596739029,-7.898287514515029,17.475831391921933,-1629.2504716739936,-2767.2784439194907
2022-03-15,140.9432939405445,-138.78180184188778,-1.9961021511158499,19.350919196112073,-2357.592190235348,-4447.212195698466
2022-03-16,48.814762542694105,-46.6533982046444,-5.054887281286036,49.205842480768986,-1066.3240271621326,-2211.749984906409
2022-03-17,50.3179121074077,-48.153950560651786,-5.158632336902913,53.82471109784608,-1088.5344796838988,-2428.812383718921
2022-03-18,62.295675587872964,-60.1272987122169,-4.522230763596353,52.016051918871995,-1280.9005998373632,-2657.007162168866
2022-03-21,127.7306236389329,-125.008332670416,-213.46852035917533,587.0233296287515,-161.2590491614148,-757.1945449659156
2022-03-22,89.68112785449911,-87.49889852349591,-6.13487601729172,32.36089272529433,-1678.5468326365035,-2357.3583678990435
2022-03-23,54.038738372749606,-51.85482306298262,-3.018832941513412,35.80404806400658,-1090.3899060078054,-2010.6174791359103
2022-03-24,63.04331090857002,-60.854919476522966,-3.574863598200996,40.86909428533663,-1237.032362022766,-2395.8283086813517
2022-03-25,119.67958241248179,-116.93528162644026,-207.68490391532166,572.5214327852933,-158.2244738646474,-712.6779436723987
2022-03-28,147.0178995231318,-144.25090109091622,-239.76192993935183,643.2366579481462,-167.29371696880222,-797.7661421726905
2022-03-29,132.5024224269265,-129.7333556740757,-213.94384739000645,574.155656028147,-158.39621279679477,-749.3190979138976
2022-03-30,48.70381607133955,-46.491910590221025,-13.750687156508231,73.49415263510832,-839.5434309303605,-2774.4978611158967
2022-03-31,181.37586006930403,-178.59518389477893,-240.36792610928796,488.4800909222444,-162.06160304802967,-790.459473118492
2022-04-01,52.198204611727256,-49.97685208564568,-11.79477979748495,73.0404214224535,-1007.2032835695827,-2523.837653540886
2022-04-04,53.048388585055804,-50.814336825860366,-5.486045921618209,61.17927636992535,-1111.5540498666996,-2201.6363492278456
2022-04-05,42.68173062630572,-39.87163162377091,-149.74690936321684,752.9269276421473,-143.30888317381408,-747.6500795269314
2022-04-06,47.68041980497836,-44.85685597461789,-183.88229487788772,988.6188827895539,-158.39749262932662,-881.6320598378131
2022-04-07,5297.0532341126045,-5286.479106657509,-4960.777186497095,-27.192594598683065,-426.6180500775018,2.2665638242031863
2022-04-08,905.7573453095115,-897.8275532638401,-340.4913870538499,-21.594969328958495,-2246.6305228723404,3.4900299707979103
2022-04-11,43.51412209512199,-40.65871195339735,-190.0924978764366,1003.5359474500771,-159.35825578224555,-846.7339679067344
2022-04-12,40.08013955996902,-37.21889546540585,-184.35844436105072,977.7924097715529,-157.02590430618062,-824.7807251491636
2022-04-13,36.12415201558064,-33.25956603451886,-168.2281129094781,900.823394898886,-150.5240064482685,-786.8717701434045
2022-04-14,681.7224031205994,-673.6133320910737,-252.39982123318433,-22.215707223192567,-1659.3911089271576,3.4648713918188814
2022-04-19,180.00784960973178,-177.70613640818362,13.038002647415965,19.81608838660256,-3045.8070317115526,-3316.452619658413
2022-04-20,1121.2962678358642,-1112.9845697579713,128.64985487482022,-22.898665068590017,-4729.799686583971,3.4352166217426596
2022-04-21,54.64689037411019,-52.33674022246582,-5.69389179360463,46.72197213136156,-925.5483424927593,-2451.12052056954
2022-04-22,991.9478929402727,-983.5789262342449,135.82463322297147,-23.081706034478866,-4217.551615374091,3.4277110094326155
2022-04-25,-3215.210310793604,3215.374882517881,3120.7166921954054,239.34429216851925,-716.7282525176055,0.018070962733137113
2022-04-26,678.9716590221511,-670.4731226613096,50.1002897644191,-23.5299832223662,-2652.9094809047037,3.4175174752614383
2022-04-27,204.543814880951,-201.5666224961851,-273.6106268126833,491.50257618329914,-161.34389779339938,-689.6791098486876
2022-04-28,175.62294009190862,-172.64225291353853,-257.3135957519135,578.0868092069124,-159.71889553258512,-726.565620189181
2022-04-29,65.57869234960019,-63.22309948653558,-0.5076098524344499,59.97622889097167,-1283.669850492192,-2459.5113453907193
2022-05-03,63.486112007974256,-61.10729655612053,-0.32573897711663913,53.052299914029575,-1224.903361851319,-2138.419996503337
2022-05-04,67.43208963015721,-65.04623865395777,-0.810288933785661,54.20002424267724,-1235.6588246004324,-2377.059757700504
2022-05-05,83.07826098894448,-80.68686181523498,0.6903962005478621,62.51231035950144,-1481.6003476189414,-3116.623100581623
2022-05-06,61.57655561051837,-59.18206188599454,0.6653835473762755,41.549340952093196,-1127.4440631363038,-1988.1231552259508
2022-05-09,60.28022438845639,-57.8653505819939,-2.948623324141201,71.94223783545968,-1237.9101398487926,-2282.1519439496383
2022-05-10,62.728716509795014,-60.308271845309385,-1.979110516875189,48.75843385273062,-1089.895909645656,-2044.4803490319555
2022-05-11,54.50601294929491,-52.07949931250097,-1.3609389907915748,65.78233049950889,-1132.2020573272089,-2033.3315682474304
2022-05-12,77.90477743240265,-75.46998794993297,-0.08624824523556274,61.18554170380487,-1382.344345802747,-2444.7435765607847
2022-05-13,0.9180076672040482,50.294290065343574,88.11013685564937,51.42662127409257,0.020386645264239903,0.019796160579091185
2022-05-16,0.9162644543445865,80.59774693878498,153.59986563214292,4.428834480626784,0.01642394228464705,-0.00023440263168436615
2022-05-17,0.9290359867501535,53.396991505529584,95.91698217605817,54.943766989340965,0.01894577664445207,0.018404259105666666
2022-05-18,0.9282308447252932,53.05814875500292,94.2049738967722,52.69749618566375,0.01935998099672285,0.01882178080125245
2022-05-19,0.9289511130942719,53.380803595715655,94.51466496104936,52.54248447282475,0.019326227661441264,0.018769172865396373
2022-05-20,1.3693306545356112,41.71550921561342,58.15742918420292,-3.4034369001360942,0.04001071702652821,1.4963573802910477
2022-05-23,0.9429851349304309,56.01632745953162,101.60279975609427,58.758449302173915,0.017856497804368977,0.017518811733840168
2022-05-24,0.9332607369322141,56.84593518038131,102.76388376735946,59.657094417925464,0.017745244292233807,0.017090310196877286
2022-05-25,0.9403126597873932,56.50595868287875,102.14215742007501,59.243856099888035,0.017804967798217303,0.017297528732405632
2022-05-26,0.9491757203161023,57.2909946145788,104.13848530582368,60.72697465565961,0.017485418654102435,0.016852583008556705
2022-05-27,0.9459727253454594,56.92339418102692,102.6859145351383,59.93148376985794,0.01766631758453513,0.01719234411296401
2022-05-30,0.9533238107940883,58.05578671565463,105.41436468523115,61.140559884626995,0.017278576350038273,0.016807819436118462
2022-05-31,0.9712913887749051,58.217481885502636,106.18854960415479,62.03079044668453,0.017103719701400236,0.01663927443044184
2022-06-01,0.9730591818494498,60.821164954042366,112.08132054435299,63.87886272848211,0.016404973048769516,0.01579863593049216
2022-06-06,0.9887489759935602,62.61418943175083,115.29090309424872,67.16937287969814,0.015859295488103154,0.015302178094185331
2022-06-07,0.9813948202986946,65.08247214415195,120.42875976973713,69.4680941307567,0.015187337934028612,0.014944875840608253
2022-06-08,0.9836827639603964,65.5337734602067,120.14327206252185,68.5197168251216,0.015249612660600579,0.014958238160512342
2022-06-09,0.9868885198599591,65.99054109902609,122.03635485214713,71.59560264802589,0.014930690576537566,0.014658984145282137
2022-06-10,0.9929897248286307,64.41912043604523,118.15646235395938,68.66466557193388,0.015466232473291193,0.015034387579392435
2022-06-13,0.99729465641959,65.14576847297685,118.87034149578345,70.2947685369329,0.01530271056676214,0.014863083243432567
2022-06-14,1.0038906440375348,69.81326166618433,129.93369388027153,74.61939379525315,0.014137191448812779,0.01388047047206927
2022-06-15,0.9941057274417007,69.17824587077081,127.80648662815516,74.97267725884329,0.0143331429366508,0.013910293325800875
2022-06-16,0.9984145446538583,69.0778554266543,126.10755906101372,74.73479947336298,0.014435669354897178,0.01403934015584669
2022-06-17,0.9970707781204713,70.05588281849816,128.15423200796965,76.11115842223325,0.014214564645197738,0.013827033063256382
2022-06-20,1.00815757138733,74.4196083405402,138.84593639381384,79.55537225666014,0.013325873887902089,0.012941543765320003
2022-06-21,1.015261789676062,71.82373162593089,131.7684798784181,77.0133171276032,0.013899735111233878,0.013514385337841056
2022-06-22,0.996227169484068,73.71015801378609,134.38917066685997,79.49905404121587,0.01359854481972514,0.013221577700698433
2022-06-23,0.9773421208375348,78.64753626050795,145.73701976468885,87.11597325700767,0.012621993148386955,0.012154762291786575
2022-06-24,0.9758758255399155,79.26424850047441,146.55449364997722,87.50391025626955,0.012526485500569432,0.012172011691120819
2022-06-27,0.984476626375192,81.05339776830564,149.44317827282651,89.11145612948138,0.012291862801900541,0.011933085394845548
2022-06-28,0.9931283832007509,82.34874414528052,152.72673386978013,91.83757443912287,0.012012485101219663,0.011667817001160668
2022-06-29,0.9850648317459201,82.58525366244062,150.3765754706252,90.17670617219596,0.012162162337863243,0.011834336793254989
2022-06-30,0.9775432810095357,84.49734574973859,154.84783809758036,91.60083793919951,0.011888643276317036,0.011570663682978446
2022-07-01,0.9582548139604926,88.5075458081154,163.362687062832,97.44695443403717,0.011320934820691507,0.010906938560443512
2022-07-04,0.9724439550421272,91.07201290989232,165.34268949690883,101.53059408768266,0.011029922395392949,0.010704239877767618
2022-07-05,0.9621401387799624,91.71811717714566,164.76858377022802,100.72858242731078,0.011060638452426443,0.010757415121953695
2022-07-06,0.9653486697790413,93.57056326241172,168.41313170169042,104.10342799001339,0.010794230385467065,0.010502335506884269
2022-07-07,0.9646371649344074,93.05820894111598,165.2208936493286,104.00724049415817,0.010917660947179088,0.01061038314178192
2022-07-08,0.975676284762582,97.84108173629319,176.02073948090404,109.99823963374197,0.010304340243023347,0.009997918540094903
2022-07-11,0.9737967064334297,102.90011249610204,184.6632376461766,115.99280673528543,0.009834462656817233,0.00948257712051709
2022-07-12,0.9713003401690664,105.14537945482513,186.65653040809323,113.647885451259,0.009777064443880322,0.009480626931800828
2022-07-13,0.9659540242157739,107.3123238172767,194.13715200938,121.0650850229477,0.009388105408629294,0.009116812501817494
2022-07-14,0.9671345696173252,107.86043424623767,190.67137934601243,120.1549864701815,0.009473827805791802,0.009212938237771766
2022-07-15,0.9721648710481237,114.23698562709657,203.8622398998354,118.86662346335838,0.00907928848983573,0.008811462874973744
2022-07-18,0.9780608341215128,116.1473334159463,208.0676912067604,129.48088678704622,0.008758027618347087,0.008492904282770532
2022-07-19,0.9841061380441338,117.49979720178207,206.3088062267675,132.16553379430175,0.008711108766796764,0.008464145480839175
2022-07-20,0.979556632577444,120.6241823934577,207.1636504204718,136.68132980821093,0.008560576037900348,0.008313104479650677
2022-07-21,0.9627303519704469,125.0883077863054,218.94716521861307,141.6808130075232,0.008200881915593558,0.00795147346349441
2022-07-22,0.9561842102101814,127.81245068927258,215.7819665053408,139.53930157746063,0.008247688586620313,0.008005233643669828
2022-07-25,0.9587875599591655,141.32424817714693,233.80483257956385,159.64586538245123,0.007479763579377132,0.007194895198934163
2022-07-26,0.9553260015530919,147.32251608833468,233.56214840698738,167.24770362340328,0.007304655776828608,0.007021228738352103
2022-07-27,0.9601416217006188,215.6317115415234,423.3276466019111,0.0923702081769637,0.006192649909045627,-0.0001109126685541334
2022-07-28,0.9475940859347531,149.298482743332,244.64290170167817,162.0740897631714,0.007187774622410538,0.006965702700706251
2022-07-29,0.9446649514832187,157.47499621847356,251.8391443656064,168.55029135894858,0.006919689577519295,0.006704611883390544
2022-08-01,1.114090303157704,62.76366582027836,-48.50353900254786,68.4536543206246,0.18626105067175297,-8.394124670625109e-05
2022-08-02,1.1095451537031489,64.22282002893768,-49.57260686943373,51.618406148092035,0.18296318610593343,-2.9244083828704957e-05
2022-08-03,1.4586951515731712,-1.064324907804823,-2.378951416265863,185.09265107863789,1.9223867621519422,0.024069086910178315
2022-08-04,1.4446595470448924,-1.0521417397077275,-2.3580997652117675,190.20748115401116,1.908070500327154,0.023426777994158335
2022-08-05,1.4830182683912754,-1.0881076775911156,-2.403692683176571,195.883865215733,1.9533570000424114,0.02273599499284572
2022-08-08,1.4606146589437758,-1.066366286183048,-2.3722872279886356,214.51622037133907,1.9334069351558625,0.020766018236305084
2022-08-09,1.462865349689973,-1.065811120868757,-2.377928734538583,221.6734295324099,1.9329232916786097,0.020091782194923424
2022-08-10,1.4541375336399884,-1.0556054250556675,-2.367403378757311,229.2642067838706,1.9242547988985728,0.019427196016795382
2022-08-11,1.4898840686137114,-1.083292930106195,-2.41860630597882,237.79197454555177,1.9655961444094308,0.01871295892824874
2022-08-12,1.5110034012863853,-1.101757038374195,-2.4453997457137677,246.77953357432727,1.995099933001441,0.01802468692272055
2022-08-15,1.479198727832454,-1.064690605840911,-2.4096459368737984,277.92301173175326,1.9593623972833176,0.016003397451739797
2022-08-16,1.4995670621212254,-1.0769792280025108,-2.4447697070379903,290.5038326019406,1.9756669447418385,0.01529979184968507
2022-08-17,1.5206535414153584,-1.0896051081848326,-2.4846874579472944,304.2492929118517,1.9878446954561555,0.01459898150007921
2022-08-18,1.5118065861319605,-1.0736262685407683,-2.4863419451660738,319.20131176825845,1.9672697722325325,0.013910920957785932
2022-08-19,1.540963970306511,-1.0915652332014216,-2.536747715203094,336.1488995023391,1.9923215350633372,0.013196352986125379
2022-08-22,1.5643877660038046,-1.0964117402312226,-2.585690964158425,398.83270040093134,2.0148247039835807,0.011105267853803575
2022-08-23,1.5731859532649113,-1.1006155929251882,-2.6012428051511214,425.24866727808893,2.0191410290125114,0.010411356423427586
2022-08-24,1.584969143847522,-1.1000044536848126,-2.6303681003125954,455.80603157330853,2.013739865452386,0.009704748752917545
2022-08-25,1.1522825104266576,147.07698159383344,-122.73714292906749,34.85311614135213,0.11759129417097594,-1.9419599538120225e-05
2022-08-26,0.7069378693375825,161.95417325761858,-125.95826482742751,-673.0506606772095,0.10025814944985126,-18056.95074171844
2022-08-30,0.7016272225860207,227.41859806950995,-186.49789011665547,446.2348352634177,0.08896426915471849,11407.365160337971
2022-08-31,1.1784870798524663,249.4725648989485,-219.95550864520598,-259.9458551229775,0.09767150324710737,405747.50664973474
2022-09-01,1.071888333716328,286.71086197170047,-253.29655739879394,1719.1340073664069,0.09161868179825916,174254.6336857667
2022-09-02,1.1732897519168097,336.15945369894547,-303.63554996733603,421.6939202705528,0.08942753783580447,284793.96600448235
2022-09-05,1.2642415475135562,767.6187932781496,-741.0638959993892,-1862.4888026447588,0.08949108161487537,-1205087.9363296442
2022-09-06,0.8395078447338506,1516.1396491897087,-1463.1644537098055,-36756.66643003467,0.06465754991355586,-1196610.1098887837
2022-09-07,92.60457825225521,-90.24106496632788,-0.19599457072850282,30.813763400164888,-1851.8765634468612,-2886.6972453855965
2022-09-08,57.66541862959635,-55.29937921189863,-0.39791689892257043,48.9194547052896,-1481.0229724853782,-2366.894642536272
2022-09-09,53.66633739293619,-51.29742933696626,-0.240970490973721,46.63852407633696,-1254.7384951454776,-2698.6431697579624
2022-09-12,57.88321488842698,-55.50056921235892,1.023898463419044,40.894527614117315,-1352.3943701185144,-2244.235716387611
2022-09-13,1.0810150736406525,42.32486387196608,77.14895073434263,43.48660053260501,0.02338946955398617,0.022733276996946345
2022-09-14,1.075437125468987,43.32234674823277,79.35664119367446,43.917034042332126,0.02298469454347678,0.022141197544661057
2022-09-15,1.0765082808881725,42.322917693513624,76.67248347200814,43.127467062048126,0.023587586601233192,0.022925614705711653
2022-09-16,1.076414565834142,43.996199185168784,81.36066251466123,46.316382582996475,0.02230140256644055,0.021691999555580394
2022-09-20,1.0827700720408975,43.17260740288223,79.18479191763619,45.33973071724918,0.022911886274123463,0.022276031271330342
2022-09-21,1.0821600276010312,44.63169025496709,82.54209996020214,46.82942554620882,0.02210375312432026,0.021520884522004458
2022-09-22,1.10270339664333,44.464569534534704,83.04871953616968,47.370357748331244,0.021947893071455827,0.02131440709013354
2022-09-23,1.1252034002057927,44.654777105387836,83.70664748644347,47.62544763645969,0.021729195126240483,0.021102976127682336
2022-09-26,1.1610400069787417,68.77360063174373,139.48525238424804,0.053403936614145775,0.018163027529328756,-8.956531379888943e-06
2022-09-27,1.2072452986274036,45.33145280402271,86.51794616004639,49.093650500097176,0.02093121554398882,0.020196530883750025
2022-09-28,1.108846446230271,45.67474217072609,84.81743817503039,47.391307064982435,0.0217109430959219,0.02111243085335693
2022-09-29,1.1062697917450468,47.87378230461187,90.31872865731579,50.88157474921386,0.020471028395691235,0.019914447382379092
2022-09-30,1.0885565761301896,46.547022172999036,86.65552618521396,50.26452491828482,0.02120667658943208,0.020598349564209636
2022-10-03,1.0931639091211978,48.33682027470197,90.7178516147712,52.41618048982334,0.02036440980155519,0.019839712600265427
2022-10-04,1.1025437716602944,47.91113749789225,89.98471793802793,51.676220045591286,0.02056093060205498,0.020002087112952507
2022-10-05,1.125057616799746,50.309562711866874,96.7458852870348,53.590154931429616,0.019312194868799194,0.01898938663897906
2022-10-06,1.1412455742889835,49.964448229685466,96.04515430787266,54.85407005049789,0.01932225219995371,0.018784141153115327
2022-10-07,1.1486301659894624,50.47356536286879,97.34849959253556,54.86216019233449,0.019151416139525427,0.018612704673683703
2022-10-10,1.1816884294980887,51.1188218895661,99.04991727745032,55.716538185141324,0.018831548821289065,0.018300769465601135
2022-10-11,1.182323436799009,51.157016036576344,100.17551581456878,56.96294813615066,0.018629233733173555,0.018136127892973218
2022-10-12,1.2083344630052555,53.86490960958496,101.03820938111,56.893189128232386,0.018373346881723963,0.01771914439162912
2022-10-13,1.1805125960523752,53.816081808400284,101.13041481604034,57.79242362463201,0.018323071348699274,0.017973524583136297
2022-10-14,1.19866001012611,54.289963475421594,101.98534357192288,58.05138728666696,0.018156702341153328,0.017808894252889118
2022-10-17,1.1526591940168274,55.625760353917094,104.03495129481404,60.358722047184145,0.01793712774038169,0.017466045705508478
2022-10-18,1.1382386144879384,57.98282070902663,109.56788796108668,63.46662562623245,0.01715259827994821,0.01667567329902432
2022-10-19,1.10923829482824,57.85936284579336,107.12817296244785,61.30923335211436,0.01761177163484704,0.017148189539734238
2022-10-20,1.1007794870684313,60.04932890905167,112.09805706076426,63.63123647626016,0.016912903277038184,0.016605119533135086
2022-10-21,1.1213430398303295,57.775716953255156,107.56702954413731,62.72772894570722,0.017498870533024395,0.017037700800921967
2022-10-24,1.0821170507956506,62.731760782940356,117.59398079838225,69.38750857324693,0.016181183484243924,0.015605943570114033
2022-10-25,1.0709798023631105,63.68186881891935,119.38110534530429,67.8293898069693,0.016143536665440595,0.015584892844425643
2022-10-26,1.0705303090826,63.58379703349946,118.71641692700672,69.477010071132,0.016085027633742453,0.01562718029419789
2022-10-27,1.0606781594980335,64.98818437806968,121.92402778698177,72.32915943193237,0.015615052464014994,0.01534623170486142
2022-10-28,1.0497491959759164,64.77717353157293,120.91186730026419,69.54782116267015,0.015940677801129465,0.015528117758645781
2022-10-31,1.0565072477775077,65.24134330864393,121.38441275029808,72.41785991896819,0.01576214861214513,0.015347279926969371
2022-11-01,1.0471988697552803,68.6685220621811,129.19500439217265,75.8086935327757,0.014962339579109482,0.014542676894725867
2022-11-02,1.0481395367557726,69.58684448504366,131.65234349060665,78.24920563302825,0.014666273233296877,0.014262138390298534
2022-11-03,1.0550010467834243,67.77692288655018,126.0005389887906,74.993905857842,0.015253277383595857,0.014850280735441913
2022-11-04,1.0631335586647634,71.44252151836452,134.56895539212073,79.07224827057716,0.014420194020800244,0.013915198442193834
2022-11-07,1.0681603948923384,72.37549933162188,137.04453343747772,79.57423306747415,0.01424064291533559,0.013879173722807524
2022-11-08,1.104834927103796,71.35995462260641,133.90143122024875,78.86657961341203,0.014454179027287269,0.014073753961453224
2022-11-09,1.0826121624383882,110.06444159313615,220.67437171314157,2.7950547747615446,0.01237692734207408,-0.00011114433788039779
2022-11-10,1.0604560503333498,76.90899586020012,144.59607661167377,84.26099200161191,0.013570796639066162,0.01309859812491235
2022-11-11,1.0693849198909835,77.77401665537782,146.89593780521022,86.3658418166456,0.013348015882985861,0.012881483596193927
2022-11-14,1.0650874597346172,80.93804386666983,152.89417064465064,90.95532028277859,0.012851239547112378,0.012380150712132939
2022-11-15,1.0610781715169666,81.1141984065226,151.71665895373837,90.59274904255177,0.012899855381873597,0.012531440645948274
2022-11-16,1.039626706591214,84.46346512722532,158.50204241890805,94.19436274247475,0.012379372169293454,0.012165223793540908
2022-11-17,1.043243770637465,82.05147933544505,151.82772583880805,91.9029172457165,0.012860757411447713,0.012515289405623778
2022-11-18,1.0456113320573517,83.36258155298663,154.04672759212724,92.4227093269891,0.01271640637383772,0.012376048860326939
2022-11-21,1.0343917570735777,87.44274247746517,160.3165696315721,97.0185573683127,0.012231483368898868,0.01190115556606393
2022-11-22,1.034150557081745,88.82354470120998,162.92120059040195,99.51802342689649,0.012023257904062704,0.01169706068114132
2022-11-23,1.0174668721619384,90.00894054359856,166.46288770516043,99.1922683820639,0.011906354458571824,0.01158674746661005
2022-11-24,1.0229858410431805,92.05841290563565,167.2400433868626,102.88065431316052,0.011704692464635682,0.01138788540482913
2022-11-25,1.0320351496307132,96.86642298804779,179.83377338143097,109.74664295005189,0.011005409408100754,0.01060682548374553
2022-11-28,1.0313768999853046,98.8189724389751,181.1222652593412,111.84122904729362,0.010872372632570775,0.010583300978931289
2022-11-29,1.0307634977504903,99.03536307445826,180.21121380633198,111.5560132972538,0.01091616478154173,0.01062130216426853
2022-11-30,1.040050550307864,105.75527229392075,192.63370898068538,116.46872071935353,0.010290830417275009,0.010006621339398794
2022-12-01,1.0358102450164448,107.6374111145579,197.29038700779725,122.7100777709314,0.010023614766770094,0.009673780521548655
2022-12-02,1.045006080340922,104.10980628039943,189.76674901132114,116.53553554795377,0.010428264968724966,0.010142126240789869
2022-12-05,1.0366653711531804,116.69660441604721,212.09786915335545,133.79747743770156,0.009320062928233562,0.008990365513701476
2022-12-06,1.0354750210672248,114.32110022374191,202.22429252971986,130.46161129119596,0.009638067589209886,0.009371995839195317
2022-12-07,1.036958873004484,120.97810487367228,222.61031638923717,139.31909778142798,0.008907397141039107,0.008746092382092301
2022-12-08,1.0406601661703718,122.82688572367547,225.13880408015828,142.04329343288083,0.008790374618867745,0.008624430811995962
2022-12-09,1.0446839486489428,122.32577584210696,219.3316275883883,138.23857772087837,0.009006031028436669,0.008764165999411232
2022-12-12,1.044657415138294,133.97241612360145,243.31527092625524,155.58780379925904,0.008126367965689621,0.007971506885346705
2022-12-13,1.0483844683549666,132.4434560765307,234.21484641334408,152.2888633239415,0.008375577535844947,0.00814340018549365
2022-12-14,1.0493842358231105,137.26204329474356,239.5970605466297,158.3756833146386,0.008131613588460092,0.007907679023834997
2022-12-15,1.0389508062269157,141.92917240951132,250.37321969551107,163.07478249622068,0.00784943647669065,0.00763897135701524
2022-12-16,1.0442563897450985,148.02125765320233,259.97365720112,169.41835836020653,0.007543522023534197,0.0073897991007677594
2022-12-19,1.0484264290596432,158.44918386422074,263.30292860114537,181.12233162153035,0.0072715873733044,0.00706424394129852
2022-12-20,1.056745112069985,159.48682240062962,266.37766438016024,180.76018597201528,0.007234307829003079,0.007024103595624161
2022-12-21,1.0480420529055103,167.3969448785815,272.8268234620735,191.7883105972906,0.006958493266816868,0.006751145740833348
2022-12-22,1.046891267728637,168.95353047625304,280.76961118827245,194.54384070881218,0.006834815879280516,0.006632356231711541
2022-12-23,1.0475234134550242,175.42624376819342,285.9822161104823,203.9481939222045,0.006625978690579841,0.006432579315715414
2022-12-28,1.8295921985529349,-2.0793893870171347,-1.352028071078368,719.2355827711395,2.547973788587651,0.006362192846888608
2022-12-29,1.836974174497368,-2.082522854309887,-1.3632184443273172,743.8776844482486,2.5626445330264533,0.0061497691313425525
2022-12-30,1.8351944464745635,-2.07714656187794,-1.3704882203011375,763.2241451190671,2.561791279367401,0.005992107434902753
2023-01-03,1.8411192199689939,-2.067289145663025,-1.387640929194969,871.2792932370738,2.603334998258172,0.005244356120347938
2023-01-04,1.8116671969576863,-2.0373241715955244,-1.358566747488224,860.7593955971057,2.583763418908514,0.005307634363864404
2023-01-05,1.8385693289526748,-2.0562262586061393,-1.3902234328979377,944.3668713547427,2.6297098613810266,0.004836417340290178
2023-01-06,1.833804293349507,-2.046523162628803,-1.3853283791053284,962.0063457658189,2.647948221669543,0.004746455527008443
2023-01-09,1.8734896352992554,-2.06521096172296,-1.4468056658214499,1106.523401791715,2.7192366246181954,0.00412335917790299
2023-01-10,1.8219302293255382,-1.554436266968439,-3.716254015931881,829.4867190997861,1.0137471634686162,0.005474292230938265
2023-01-11,1.7713635125092397,-1.5764992894521779,-3.421025813481815,922.1659067405835,1.0608397552083382,0.004927247271397492
2023-01-12,1.7531720008447764,-1.6212090329582403,-3.1881635429442654,971.4818149782868,1.1269098893382055,0.004680053610869436
2023-01-13,1.7481274849257882,-1.662117701171808,-3.0025924376176576,1164.5952828550564,1.1984200631549682,0.0039048800209469767
2023-01-16,1.4092855130039008,142.86558407454882,-128.07302440330236,293.75148510017607,0.14475628454045966,85138.73120729486
2024-11-26,1.2832831080304146,74.2860728452843,183.15642351556144,107.47925914459447,0.010878462610981764,0.010655040426574898
2023-01-18,1.7386651661786399,-1.914781044655699,-1.358460578842475,1700.3825071848332,2.0237474775342843,0.002678889556114459
2023-01-19,1.7444869443320181,-1.909720976002489,-1.304328967736989,1945.5174240918227,2.145255859844696,0.0023407511189982547
2023-01-20,0.98688944758564,190.7716904938856,-163.9375812949367,-218.45704461613926,0.11558337310011599,-6303.775602324835
2023-01-23,1.4553998296531505,245.6013865797775,-226.86953342223921,578.9697482298131,0.11969882631848842,-89080.8863387247
2023-01-24,1.4179254571862552,276.78386936632586,-256.5784330975133,-194.092104767613,0.11472769462442056,273455.76239637664
2023-01-25,0.8793547021161738,323.7459419906063,-289.5106653620298,-345.5571290277882,0.09668176351780408,-7883.059977510054
2023-01-26,0.8596587195563469,381.2096224367082,-344.8576970157559,620.6537731954905,0.09223845984098955,13573.97093933863
2023-01-27,1.437503542849728,460.01909476638326,-436.2691699061539,367.0031193398512,0.0998173670264822,-89247.76437433664
2023-01-30,1.2935806816040256,1719.75227948411,-1682.5171331169306,-13213.162636132938,0.07387728351367441,-2851291.4367656745
2023-01-31,135.13128565460772,-132.23639679504532,-226.9682593250675,640.3935448784028,-164.9041202778645,-812.9165510144505
2023-02-01,122.69656192833092,-119.7906108322291,-233.92611417132315,713.0478807767907,-167.99625317270173,-796.3495924713035
2023-02-02,52.60405340267345,-50.225053774308655,-3.700384467264769,52.87098541883413,-1250.6318933542946,-3335.558750575289
2023-02-03,39.85278711683368,-37.47014281476848,-4.996944866897592,56.46891555264025,-1007.0492720524858,-2800.0522939059797
2023-02-06,139.55608491584408,-136.60875718478437,-251.44473071321028,733.6948964699416,-169.65661878442643,-812.925471276669
2023-02-07,144.01307862461303,-141.0569380484668,-256.54848990962427,753.8515722802969,-170.92728517807527,-835.179339931872
2023-02-08,140.04306106611682,-137.08209713255692,-234.7338194697447,696.5072621008549,-163.21087906681876,-843.8504965673559
2023-02-09,1.2153218509998396,32.44170248826737,59.72166514612582,34.27790193943696,0.028280532400422578,0.027505307711362226
2023-02-10,1.2224820151867515,33.764326724302556,63.16917073074657,35.5826770954034,0.02698950465388928,0.026198096474811725
2023-02-13,1.2161996539489301,33.04119280361452,61.030713983827745,34.590624999390066,0.027962044375873088,0.027212104046687634
2023-02-14,1.2199565059791386,33.51317184788014,62.11884232903529,35.14942589692525,0.02753173081213315,0.026817967100038722
2023-02-15,1.214038357441035,33.428517764308324,62.30161443080664,35.97549814455489,0.027438254606663923,0.026703444093660923
2023-02-16,1.218799388617472,35.14577760573303,66.31661923509526,37.984997813081534,0.02594546065169709,0.02519676276388183
2023-02-17,1.220554326455838,34.654963764789535,65.12291112138132,36.67711431297434,0.026523604726775004,0.025845764600873754
2023-02-20,1.2091420856045294,36.52296783402518,69.30058146948318,39.618819474893506,0.025114174708180746,0.02439622310959035
2023-02-21,1.2190904827732358,35.38042132208116,66.70484207153947,37.550230373946235,0.026134159107406834,0.025436256102808107
2023-02-22,1.2129924803863146,36.46482406560928,69.74072941997143,39.47205389813649,0.02515452672190659,0.02442619367813398
2023-02-23,1.2122465526134778,35.33563228329898,66.44752931936776,38.617960670024964,0.026141074666851682,0.025456548589374264
2023-02-24,1.2160959066610595,36.254601264691146,68.6819443335115,38.253638621040146,0.025662392897243747,0.024965700812601126
2023-02-27,1.2169363700535658,37.23285014968798,71.10303291379088,41.075264606245085,0.024748500694876618,0.02411545502774743
2023-02-28,1.213492676929669,38.664113773429385,74.7849553805163,42.68268073769053,0.02377416829099602,0.02310154055138399
2023-03-01,1.2202878765576832,37.387444087580555,71.57985633459663,40.16983555913326,0.024891553337457864,0.024248135613699456
2023-03-02,1.2207314701706322,38.659239061332556,74.72675339225886,42.924196817395114,0.023816212022783285,0.023174629127215282
2023-03-03,1.2190367127890498,38.4621829403795,74.37922013700344,42.459267469930424,0.02402970582492594,0.02342053100823681
2023-03-06,1.2079196526454399,39.65842021636595,77.11504220901743,43.997168564262225,0.023457595247882834,0.02287192658748669
2023-03-07,1.2004044280899384,39.55373798691822,76.7036860397818,43.89482680726705,0.023675954361317916,0.02300517364848639
2023-03-08,1.1873470083943147,40.63888345691626,79.12983807648183,44.89853020364103,0.02308357246384131,0.022483913099074514
2023-03-09,1.1919137877970143,40.6379057932841,79.64998406474119,45.80117392984064,0.022897345597101573,0.022243599276475456
2023-03-10,1.1738003013927303,40.32682341818363,77.99429110587279,44.19944590351581,0.023471786972397508,0.02286733671573005
2023-03-13,1.150815602780686,42.692530307571545,84.14723076258173,47.76514976862168,0.02198843607090959,0.02139596476629749
2023-03-14,1.1584868710617133,42.89949881342102,84.52419816303562,48.047123884429126,0.0218622814768708,0.021276149852815868
2023-03-15,1.138832755140507,41.83983882335718,81.61402209447783,47.447997414157534,0.022544578162818824,0.02193856503060215
2023-03-16,1.1371809372487311,43.8442897633163,86.25936747485306,49.87521097587291,0.021421848555244073,0.02085286928688385
2023-03-17,1.1293059010980333,42.46545263708178,82.57347362231579,48.027019517709014,0.022319509224580116,0.021734731969977057
2023-03-20,1.1339117658983486,45.15704144458535,89.22065439504253,50.61405691104439,0.02090848811768157,0.020322564277979755
2023-03-21,1.1352893590949238,44.38146032812002,87.43507078865068,50.58619479139946,0.02120246018151644,0.020649766162363914
2023-03-22,1.1405747116746512,44.402912356842535,87.60209015660774,49.38415892416989,0.021309750807203296,0.020764286731366717
2023-03-23,1.1309676998096965,45.66820626106709,91.0540555776768,52.92596534976272,0.02042189244760083,0.019923639542823744
2023-03-24,1.1206885795509203,46.980142597428674,94.56621457783105,54.48812047269947,0.01981724028785839,0.01927287706358903
2023-03-27,1.1221236601372355,46.270562616504435,92.07276567163056,53.60716875574164,0.020260559204568093,0.019750726868660036
2023-03-28,1.126523178646173,48.38114539441577,98.4429941648687,56.99853896862328,0.0190246471291648,0.018740821714197227
2023-03-29,1.1211344439566928,46.6015147822204,93.03226690352851,53.99647299274687,0.0201225073535552,0.019588436287975262
2023-03-30,1.1234946080975023,48.485880619683,97.83418609549977,56.95182386254679,0.019180717289804063,0.018650542270982833
2023-03-31,1.125377409722915,49.43861930918342,100.12418930801407,57.52681081599284,0.018831024452671954,0.018322033531847328
2023-04-03,1.1060802520383184,50.72839711313731,103.39164678361846,59.95079896538428,0.01830909044718434,0.017815303113694964
2023-04-04,1.1077637276056558,50.01304516402181,100.24797922904398,57.38904988601019,0.01887579552773062,0.0183872519851225
2023-04-05,1.1094795096556602,52.511794043026455,108.05631533179034,62.483737067860915,0.017521115663151482,0.017279212508594804
2023-04-06,1.107407688991551,50.522132966246545,102.2399963131101,59.72158720561421,0.018467525530080495,0.01800804009668458
2023-04-11,1.1113706760285866,53.16403731016214,109.04251880519482,63.43113478006652,0.017438846753767806,0.017017541194113982
2023-04-12,1.1125902367277372,55.59923328283244,115.18761987763048,67.13970655871452,0.0165581930340899,0.01612256385302734
2023-04-13,1.1160144525258753,55.51953078858215,114.91264955634549,66.61479595863408,0.016649519388313907,0.016117614600300013
2023-04-14,1.1244349173642678,54.321436520685594,111.812119593736,65.10239400795119,0.017024369079992552,0.016609109745341702
2023-04-17,1.1286451416725134,56.14033677939901,115.96494610897294,67.69373981009217,0.0164454197444102,0.016046020747491126
2023-04-18,1.1313014926094225,57.14747560665648,118.75786549018592,68.4586408793203,0.016140287958816394,0.01576046553074592
2023-04-19,1.1403118115518525,56.974736012909624,118.32168785270211,68.8600554628674,0.01615008126079638,0.015759686404465987
2023-04-20,1.1331456198092507,58.06744147306172,120.85870926658924,69.92049773841272,0.015871461493424117,0.015490423806109628
2023-04-21,1.1309369152110493,60.6332956417717,127.0354162603873,72.19998935789027,0.015223386945935813,0.014821181435920124
2023-04-24,1.1273239300805398,62.25821287421991,131.54906755736098,76.4787824042419,0.01464107780331556,0.014391655531774872
2023-04-25,1.1191182872354577,63.519235415859384,134.43350069646698,78.78935967942286,0.014318480212541689,0.014097277683045834
2023-04-26,1.1206855499965023,61.876546575948055,128.95873349267737,75.89092885445386,0.014907292587898857,0.014529032456253694
2023-04-27,1.1293401067177393,65.57903389979843,139.5562659101738,81.13895823500178,0.013842482737097617,0.013645417398466461
2023-04-28,1.1214838583750808,65.73915622544479,140.85021337413892,82.14274690135409,0.013828861274979419,0.013349606329857634
2023-05-02,1.1147539455993278,69.66515966028699,148.35588764341583,86.77179414434164,0.01311891675584906,0.012786187319222254
2023-05-03,1.1176789830655431,70.3541531826132,150.86845750442745,87.69733867674053,0.012975675752925873,0.012556948779343744
2023-05-04,1.116977238805375,71.41733158279902,152.79021178391665,90.07159780845096,0.012704867356756105,0.012511844859035642
2023-05-05,1.1244524088505252,72.2364191127451,154.82292180273893,91.36702293144013,0.012603419292071883,0.01218932353355556
2023-05-09,1.1265322766232613,75.86018228917965,163.50542022386165,96.53593428153343,0.011986357013798701,0.01159694099919106
2023-05-10,1.1224286922128621,-0.004157780584345728,0.012316784481539519,387.27940981795655,-8.389987718901426e-05,0.010312317111466183
2023-05-11,1.1164178747854736,74.85068807878002,158.10907629430483,93.30734558404589,0.012345609999655493,0.012040204621942097
2023-05-12,1.1219885392088427,79.3641680319258,170.94115379175128,101.58508866380654,0.011475157136023113,0.01110812269061665
2023-05-15,1.1265285398183162,81.18933158842157,174.07372455036338,103.76473575678946,0.011243284941210114,0.010986682923882232
2023-05-16,1.1492720383191548,80.28832347957625,171.2160946287853,101.51860903825346,0.011422594343834443,0.011152541506547818
2023-05-17,1.1495138858591956,85.11742246408798,183.87181128362386,108.35411551304728,0.010721524865594476,0.010381045763985705
2023-05-18,1.1638414004626794,85.97089849478722,185.46802285594063,109.89906175144927,0.010605504343099762,0.01027368621516463
2023-05-19,1.1670510232788467,87.23781620657276,191.03534538104364,113.20104502935433,0.0103186745563067,0.010063365431546263
2023-05-22,1.1682090180090745,91.66626101191005,199.7467848429033,118.64882599831027,0.009901870506351633,0.009582221180680129
2023-05-23,1.1797445958859192,93.0086339473135,204.02777550708615,120.70147905721845,0.00971760341779397,0.009415789643937474
2023-05-24,1.176758351995025,90.87413857407284,194.46018519178645,116.29844663349319,0.010098903552990661,0.009860186564217497
2023-05-25,1.190604750097696,94.51806574200391,203.54640266657162,122.43739877268796,0.009643369213838586,0.009425835843410077
2023-05-26,1.1914792668922458,99.01230737105874,214.8210966418827,126.9809125466671,0.009211868027730536,0.008987612141008133
2023-05-30,1.1828286288151681,102.86974274974246,219.25624032547108,133.60669371761992,0.00895324214824277,0.008742236008141228
2023-05-31,1.1748443935564503,106.25117111913882,229.4411203836386,139.3539610141675,0.008599538527845701,0.008407587981324308
2023-06-01,1.1696463880279144,108.81181574167908,231.74878739866213,141.56516750921926,0.008486104381162589,0.008292905503307623
2023-06-02,1.1714954561897193,111.95813288257958,237.84210016557262,146.58164528861255,0.008250732503582095,0.008061668896648177
2023-06-05,1.1779707757885405,120.59827556121986,257.8730354068527,159.37860359791867,0.007639108748516892,0.007457455001979663
2023-06-06,1.1760637160247749,126.14979894042787,269.77243180163225,165.42667948704235,0.007344863394439467,0.0071131519398095555
2023-06-07,1.1783043873189718,127.50993526522933,275.0161149390223,169.20206083860967,0.007203978957315171,0.007026497902976123
2023-06-08,1.1781865016459592,129.58630670843064,270.7000287867748,170.3236912376796,0.007224070863989294,0.007053702601854538
2023-06-09,1.1708617518107105,130.63406230742916,269.95535004705806,169.6062233264328,0.007239839626124288,0.007067692938485634
2023-06-12,1.171868176838797,146.93541126206682,308.134507634363,188.7608693502946,0.006429469064206,0.006285469274749427
2023-06-13,1.176573519035578,150.7474709488482,312.5509083317657,196.65232469084813,0.006284234365012929,0.00612549554812111
2023-06-14,1.1696447741948863,149.90763976541848,303.1953996098209,196.60429170604718,0.00639241699754712,0.006233405289744341
2023-06-15,1.1614196610163243,160.99974805991354,328.1406969940327,212.90968646045783,0.005910661903719409,0.005809333067151532
2023-06-16,1.159053404322455,161.62861599642113,324.3282383556539,212.9921174012114,0.005956625526039284,0.005813169047665457
2023-06-19,1.1563306571868404,185.72411377762637,366.8931444706052,237.67313475807123,0.005296618294462417,0.005134244270147145
2023-06-20,1.1499590191930484,196.6298724227041,349.0374279677748,250.18526598544221,0.0052621224374476755,0.005123964178718325
2023-06-21,1.1542629394016333,201.1878960571692,364.5819001462347,256.45672032761223,0.005099674396275202,0.004960138576761599
2023-06-22,1.1476572225323525,218.2945878761977,381.98865532283,278.09819869483584,0.004781849618312173,0.004646870240252546
2023-06-23,1.1389250832850708,234.04654109649132,352.2037173203116,293.141806861367,0.0047882902770473934,0.004643788217910059
2023-06-26,1.9236732529335252,-2.146887093780765,-0.05599340165608923,1188.9845766600906,4.17790118804321,0.003636710465339537
2023-06-27,1.916972787127091,-2.1539171535325794,-0.04516503019059543,1198.6080744186004,4.092956988613845,0.0036073140662944534
2023-06-28,1.9196618715899822,-2.158406272008895,-0.004777077638387725,1217.5018903653818,4.192755202082672,0.003550322564585258
2023-06-29,1.923357957750747,-2.1690511928146186,-0.000599768051374986,1240.83226051591,4.185472779249258,0.0034829333193982606
2023-06-30,1.9204076715154406,-2.1750424097079777,0.0005688971505921242,1248.2599852721794,4.133138996057334,0.003461509808130857
2023-07-03,1.9220158723662115,-2.1990255335819104,-0.0030063644940473565,1505.3962920353108,4.044474372922253,0.0028686157328986772
2023-07-04,1.918611485559121,-2.204092490886254,-4.017165706184995e-05,1449.6830648622422,4.0161301962182145,0.002978256576548749
2023-07-05,1.9325819990150073,-2.225908246065001,0.0004328198689834968,1631.7000181450967,4.021830552677153,0.0026454446012159237
2023-07-06,1.978553706802419,-2.2753814758900828,-0.0005535431673425425,1696.4550746910736,4.120537223569895,0.0025437874619272196
2023-07-07,1.988814600576585,-2.293079574050062,0.0006515425318478984,1832.8101525515856,4.132120692533857,0.0023538986558217017
2023-07-10,1.9830476624041757,-2.320118774546116,-0.0003133919546781733,2131.18431133632,3.995656095930243,0.0020230646479209168
2023-07-11,1.9510879282372466,617.145685209719,-310.8235136963279,-4.808760482551693,0.012295350820560614,1.610485073978464
2023-07-12,0.7292278547468841,316.30602854473113,-183.86303159702626,-482.9510091947105,0.02878343053637045,-8215.047708225788
2023-07-13,1.3518327217036117,285.0077930313877,-212.49890883914546,-181.64506231023324,0.042101717354723574,-194033.75600141223
2023-07-14,0.24740800245234307,773.3228627469948,-328.46302644396644,5.030014800895527,0.009026789949312315,22.34335772526364
2023-07-17,0.2579253273200392,874.3632218861393,-399.39973110526165,5.058852800761988,0.008432940663324303,22.777238951570986
2023-07-18,1.328321164567394,531.3327709474721,-434.81095040418097,815.5903421512816,0.03206607151564176,339882.292462593
2023-07-19,1.1152275228725197,693.256235270926,-557.8946498408468,1879.342248002407,0.025767713452865645,104524.12832501993
2023-07-20,1.3483357167484724,947.2674552422548,-830.8897553823734,-463.05136486476334,0.026742128430840447,536552.9694542798
2023-07-21,1.226961249561514,125.60215719889902,187.45490534924318,133.9509084674656,0.008559244191134378,0.008277532461676309
2023-07-24,1.2251599202919092,138.18286283401417,206.90610168244754,146.49467664282966,0.007800691109622496,0.0075381123216560755
2023-07-25,1.2266469468386838,144.6247358344913,213.9538225082913,156.76489104564712,0.0074643736285673,0.007155811412440924
2023-07-26,1.2239780823006652,146.84605427872438,218.22582772820567,160.27891119561508,0.007309159337901641,0.007068713088871659
2023-07-27,1.2271681843765754,152.22203142115953,222.56090451191693,163.73217976548608,0.007136400634627066,0.006891975949958757
2023-07-28,1.2284374543386154,152.63437480742175,208.8681253471564,162.7897485079903,0.00733693965707447,0.0070808280155433955
2023-07-31,1.5314893532082148,57.21605657430007,-49.449522945922446,82.39387115777963,0.2150716862563793,-3.0378724815834644e-05
2023-08-01,1.2285538776810716,175.03795826703845,218.7294407826956,184.92043130564554,0.006670939105163201,0.006419007379551557
2023-08-02,1.9957634059489142,-2.0673097539455227,-1.7708213745530177,162.95459298356548,2.6289233733180533,0.02826268275415279
2023-08-03,2.0241267011053745,-2.076426426069194,-1.8421011763508748,167.46827059561952,2.6416242537517713,0.02745845324605694
2023-08-04,2.001123973033004,-2.0484138578762945,-1.842738443962883,172.09745217050076,2.605158355318009,0.026710856546533646
2023-08-07,2.00661094258981,-2.021275330385,-1.9304783187822205,188.00379405033974,2.571044809631615,0.02439323090805704
2023-08-08,1.9841782723935686,-1.9932603341114201,-1.925706879724567,193.9489147446405,2.540008564938622,0.023638315654037408
2023-08-09,1.980607128601326,-1.9807270052947914,-1.9409220418594382,200.37445027283962,2.5309073204111194,0.022864931233739224
2023-08-10,1.9794355591599249,-1.9667946564764842,-1.9695996558316418,207.31007633727904,2.5188150278786097,0.022078789145425846
2023-08-11,2.0146297809841616,-1.9816513647605647,-2.0515179840453626,214.86051393745086,2.5260884573589704,0.02126983013760522
2023-08-14,2.0123349080916055,-1.9401826072303388,-2.1460604855657794,240.97210661068905,2.474593177765302,0.018915009605977987
2023-08-15,2.0155324130094625,-1.9281880794856543,-2.183885871118758,251.27160097429226,2.4614391928927413,0.018119173814656348
2023-08-16,2.02298293410929,-1.9198548527318124,-2.225864401228542,262.5137860425991,2.4563550415580893,0.01732365766012169
2023-08-17,2.044148102143068,-1.924573384996653,-2.2814964711436785,274.8625213733665,2.461469897522779,0.016525393599474282
2023-08-18,2.035598676663002,-1.9027360719107176,-2.297520060114301,288.3945039292556,2.446369658563114,0.015734538608371644
2023-08-21,2.0377716345829544,-1.85404513684608,-2.411498755703683,338.7728493469388,2.3994020052573437,0.013349765315481613
2023-08-22,2.0194453925043736,-1.818992190994038,-2.42897262934645,359.79468808108777,2.36717816447185,0.012555941705636137
2023-08-23,-0.1225905442714435,148.69048991653474,-81.9179219348593,6.15199052517476,0.06844325418465909,19.386165606256085
2023-08-24,0.9084419854552012,135.0034724134406,-108.04225731162487,-465.67841570744423,0.11698031283890457,-9931.472255155306
2023-08-25,1.9605517961688255,-1.7063043540813672,-2.4741762563601917,442.4331607300097,2.2747840528782164,0.01017563909638394
2023-08-29,0.8936894669639949,195.88904629734458,-164.03348753617215,545.4189553809003,0.10104013541628405,11414.457500637824
2023-08-30,0.8876484741872032,216.78362601245774,-183.61007972428786,338.4968190752641,0.0975284150060655,7027.280681625917
2023-08-31,1.5029237023725432,237.9728304569159,-218.69920331090822,464.9157051305656,0.10846932231088008,-138116.57213756285
2023-09-01,1.34579411195569,274.14179083629415,-250.378642321687,1564.5937658512237,0.10083744888544936,153763.16752774676
2023-09-04,1.5256194924059077,514.3219701994512,-490.6314114858571,-1236.2015458521103,0.08784337241825833,318795.5167023667
2023-09-05,1.5039351109800014,753.4438319471114,-726.5803462058412,-471.0380905716372,0.07996776302954965,219579.0961844448
2023-09-06,0.8794825929253156,1471.7399368021267,-1419.0177572696473,-202.0728998132181,0.06274465084500665,-4090.652197656539
2023-09-07,1.2798379522311942,39.007339343852514,62.128198399366184,38.23241592038766,0.02579454934366954,0.024982719490051233
2023-09-08,1.2718456580282491,41.40903848848795,66.37703887839854,39.04271790816686,0.024568770739011876,0.02376344637387714
2023-09-11,1.2746321249379877,42.3975059556355,68.8826806201876,41.819165880483055,0.023700409278303834,0.022773965432095294
2023-09-12,1.2675943595605672,41.92314399458943,67.50163492369082,39.94897182485081,0.02430781660992006,0.023564711685550976
2023-09-13,1.257319445323772,42.09519466747457,67.80549474952318,41.57199176537721,0.02406788375662787,0.023354580224191346
2023-09-14,1.2466248906188775,43.99994872821348,71.46185775206325,43.40420400242689,0.023108201830154235,0.022182145007375476
2023-09-15,1.2552035866589581,43.96896604250621,72.06702958194288,44.218962609404215,0.022771612639958493,0.02230573975245737
2023-09-18,1.2550718335925093,43.52815169196101,70.72651876767267,43.555168277617604,0.02330162281498522,0.02258918645867993
2023-09-19,1.2495428774397672,45.031353675608585,73.66836376785277,44.851367856884565,0.022592709989135526,0.021735196110214638
2023-09-20,1.2403833624104665,46.504887369360695,76.28660125230434,46.40154546142931,0.02193310170127964,0.02105026833570328
2023-09-21,1.2430938662399365,46.526164507014286,76.46038045507308,47.08313415218738,0.021788812588563803,0.021110633120945133
2023-09-22,1.241383989787765,46.323507077872115,76.14655559864707,46.302341156743665,0.021990801662764556,0.02132556729461769
2023-09-25,1.2464542359851907,47.22717032094358,78.73866085853395,48.05360805664625,0.021356383970795076,0.02089761854619293
2023-09-26,1.2463257950732387,48.41647679741456,80.19100473398247,48.92700780567274,0.02095701087290953,0.02054230260066273
2023-09-27,1.2432487322946912,49.30553636888487,81.73374546979728,49.00843784859883,0.020776741946068357,0.02013664213344917
2023-09-28,1.2614751424557649,47.500566177126046,77.95110106289597,48.2812364780192,0.02148465972206601,0.020842034689630695
2023-09-29,1.2499079807652607,49.84867779610127,82.85723955679559,51.28155224695823,0.02041815757779598,0.019632631038752724
2023-10-02,1.2606952211835738,49.63646619708118,82.36089925704307,51.3962662126181,0.02049575194584045,0.019891275397708325
2023-10-03,1.2633331108355321,49.350390569759725,81.20606702328075,50.39281940308751,0.020796317279029045,0.020184530613632057
2023-10-04,1.261739606945367,49.43299714406012,81.24319418604027,50.77797120568537,0.020789187515403488,0.020154739269454686
2023-10-05,1.2568408455065103,52.20600624106774,87.8995671799337,54.2005219648346,0.01946404787228293,0.018874184649027216
2023-10-06,1.2630950072272475,50.22939828864872,82.85615970566346,51.19521353843026,0.020527708975007993,0.019918518575047256
2023-10-09,1.2517898833647034,53.541924095087545,89.49697050467384,55.83237201851892,0.01920508574919727,0.018507791993225216
2023-10-10,1.2447620881390618,54.43673494092618,91.0746220589723,56.834405080605706,0.018906476543876095,0.018317580914518582
2023-10-11,1.2591573270491578,54.8191455286282,91.52316594121802,56.11162030897877,0.018909073825326538,0.0183181136565798
2023-10-12,1.2677055057234146,55.27245382809258,91.74866106521041,54.84329242349817,0.0189554497005798,0.018401820196698965
2023-10-13,1.2643244626541636,56.80018552311786,94.89335627809825,56.47579498756927,0.018469902805322184,0.017765842384518386
2023-10-16,1.2706260259190456,58.459301159008824,97.74844979197043,59.62652036548184,0.0178106678169515,0.017439709435925085
2023-10-17,1.2735317997278484,58.02568358045498,97.00101745179461,58.94057345950988,0.01806739576841076,0.01741324309060596
2023-10-18,1.2827413048504246,58.851581203477366,99.23976494480804,61.083015578031244,0.017649828331314253,0.017001527000414726
2023-10-19,1.2866157441660935,58.64875840871923,98.72145066041494,61.11483324858737,0.01768985785884765,0.017172031570237896
2023-10-20,1.2885660062043907,89.79671354225648,160.12965651992158,2.0562241465553632,0.015358835481498115,-0.000192506592506414
2023-10-23,1.2791590339110375,62.54908137523629,107.64071515310708,65.80686021841171,0.016474928846954767,0.016152229666429117
2023-10-24,1.2703959365714892,63.36879483961149,107.83875421929253,66.55294972031717,0.016409815409483577,0.016075850601801785
2023-10-25,1.2721222142964295,61.360450869617814,102.81209836999568,63.8173334394557,0.017189631699780186,0.016667570209270836
2023-10-26,1.2710479728491033,64.14662864275326,108.14894023873451,66.84517901682086,0.016424727014947536,0.015911382083114517
2023-10-27,1.2629683549531738,65.97066988500474,112.51482765394394,70.05735994918888,0.015844005106950488,0.01537518487464071
2023-10-30,1.259037382882658,68.24792206483772,116.12321244615347,71.21374253277213,0.015535028525736077,0.014963153861088825
2023-10-31,1.2502322522238034,69.29919813247602,118.39270633090788,71.94761566969312,0.015306848164268971,0.01486161002248047
2023-11-01,1.2451873696914721,68.81527648620296,115.82035184225661,72.09073250587566,0.01552595237510705,0.015061124270496322
2023-11-02,1.233879079420762,70.81938738653497,120.11929996900324,74.91459532545818,0.015009023040064916,0.014682657739885887
2023-11-03,1.2219953683267422,71.49315326636798,120.54042934796036,75.22719804243744,0.015016563107578587,0.014562803564138933
2023-11-06,1.2241236880134352,74.80725967296503,125.33146325524541,77.65448023810418,0.014494407504735228,0.014154221627516837
2023-11-07,1.212421043685628,76.06872963797318,129.16642356767173,80.85771616333886,0.014150135715384649,0.013718281237459036
2023-11-08,1.2051515573601614,76.87865492492458,129.26604486153292,81.60417986470742,0.014107841667026767,0.01367454510141716
2023-11-09,1.2073144427278377,79.02751320340376,133.3537437369717,85.39586446469706,0.013652159840962208,0.013242481830222249
2023-11-10,1.21024594430558,78.50553458830193,131.80385390311707,82.9460122151665,0.01387445655240082,0.0134797426999499
2023-11-13,1.2052621020569383,80.86667807166788,137.46428728597982,86.97781946257989,0.013411156131674802,0.013021546534892976
2023-11-14,1.1850382280754868,83.86157594896541,141.49349766992043,90.65971956512735,0.013016014289718453,0.012618400931175569
2023-11-15,1.2120094254548668,85.7366295317755,143.47109354343453,92.56106628272914,0.01273434813824367,0.01246213089657936
2023-11-16,1.2019280846172042,87.39629485220887,145.85753441734852,93.74372404386503,0.012622764456964919,0.012158015215043998
2023-11-17,1.2004662198406135,89.79652566843731,151.50376973183702,94.48664135461158,0.012316502148970065,0.01185210694036044
2023-11-20,1.197895031158837,90.84029392830088,149.6813411065089,98.14133930492983,0.012254587586242998,0.01189874677690901
2023-11-21,1.194457392023113,91.52160326006579,150.02732994939225,97.87586436085965,0.012254512686491721,0.011892243063376422
2023-11-22,1.2033854247939357,95.06397467647473,160.9287176630082,103.55611667033799,0.0115492719237647,0.011310943483688335
2023-11-23,1.21098554755347,96.67716458715779,162.9467976407539,105.58821705773259,0.011441048784043369,0.011005396695490216
2023-11-24,1.2152929426141437,98.32781075529336,165.8275741050664,106.23952736030553,0.011240434660835635,0.011000941759226465
2023-11-27,1.2047949769801922,99.55532601903573,161.86180848573662,107.08597086470736,0.011401730025602583,0.011056521922750017
2023-11-28,1.2009707780932508,102.36548192445038,167.7945772135799,111.73972861657292,0.011023069030429926,0.01069827025739625
2023-11-29,1.194954841667216,105.87060540182745,175.7326431713516,116.58859548895198,0.010615342485143371,0.010237287517213938
2023-11-30,1.2039653350340083,105.35380661205697,170.24938215460577,113.64160282702736,0.010856487782025092,0.010517453983581684
2023-12-01,1.2042432524413256,111.16495748482055,186.2162027656774,122.87362065697667,0.010068647829853986,0.009767898821651756
2023-12-04,1.2066469101503803,118.21596246395852,194.12922252716191,129.69760449219862,0.009642696901160241,0.009287034988396078
2023-12-05,1.191200491691859,115.37166101155111,185.72442559317716,126.12615323272433,0.009987801614714142,0.00968238600135253
2023-12-06,1.1816026528818773,123.57186189767346,200.4297160462404,136.63221730740673,0.009265440395674252,0.009052467425556847
2023-12-07,1.1832763161988895,128.03902675088628,205.94175500514046,141.66563961448753,0.009006285769336922,0.00873764080135899
2023-12-08,1.1839461277484016,132.27982068178966,206.56033485634117,146.10333934064846,0.008870458117430861,0.008532939463586619
2023-12-11,1.1806796965893678,139.12422155276784,217.57551379242227,154.80218721093067,0.008453976331621,0.008132539440943406
2023-12-12,1.1681813260652312,142.1224878816962,217.37605325261356,157.16805112732064,0.008375802578837181,0.008102255032233196
2023-12-13,1.150747386614649,151.71155048577376,216.85532231530675,166.89939732849592,0.00808671151705451,0.00787996853618469
2023-12-14,1.142959010392984,151.15237322213264,223.36454153657138,165.84974435242142,0.008043551846578054,0.00778901466058935
2023-12-15,1.1298010883303449,154.47910259900394,223.0346638111075,169.19426707458055,0.007969893769267001,0.007713145386833773
2023-12-18,1.1205056357225938,166.3073781420868,247.30621794610067,184.1987483221094,0.007338535286574535,0.007060380417100434
2023-12-19,1.1138245000832792,175.65196426080433,222.14795819987086,191.74579479097136,0.007455332269562824,0.007186214625690576
2023-12-20,1.105383492548968,184.40582564418085,233.39836805620143,201.15679518050592,0.007116102366055636,0.006852801099405951
2023-12-21,1.8314056387640159,-2.2452046228363507,-0.8256619393631234,597.2271659075909,2.5355065993894152,0.007715534971957877
2023-12-22,1.496691741035557,62.85103312186587,-54.88990920348387,56.33580409870959,0.2266810876701327,-2.657180982903048e-05
2023-12-27,1.8256236493602807,-2.2319093413561935,-0.8110164390618947,709.7107245420574,2.581912362637935,0.006483526098220791
2023-12-28,1.845086393028112,-2.245579721464384,-0.8241968696295582,726.0856953470404,2.624144140395448,0.006335327789213167
2023-12-29,1.494675153110909,73.43480144457226,-64.3884795280133,56.52493943178998,0.2077429411600551,-5.611059402445326e-05
2024-01-02,1.8984563512547243,-2.283413165152958,-0.8778977136431858,840.7692595983216,2.7134592804265356,0.005464300547686321
2024-01-03,1.9164113926538697,-2.296769439969456,-0.8787758621666839,902.6715248144803,2.7594426175013735,0.005087898494086576
2024-01-04,1.923440234142654,-2.302087176550725,-0.8854894432141186,916.2693670723213,2.770419456861625,0.005011014224547052
2024-01-05,1.9279369043899235,-2.3055885635252737,-0.886998468933374,953.4586379202922,2.7778485397013677,0.004813984300992061
2024-01-08,1.9421598619562752,-2.312134840672858,-0.9050420181586326,1067.9608768439512,2.8049305647635596,0.004294271169481832
2024-01-09,1.945208533298851,-2.3127775643633206,-0.9095296450064274,1099.493840517723,2.8121565727465083,0.004169921904569265
2024-01-10,1.901458030739198,-2.143676942429418,-0.000512672147348691,1105.912791791266,3.781013049234745,0.004137063512558209
2024-01-11,1.9190655108764683,-2.162468228729735,-0.00043371066837061376,1157.4581461112534,3.8472173624895456,0.003952308414119793
2024-01-12,1.924385733240451,-2.169651885302207,0.00016197943950701892,1335.8301131699448,3.89461795752192,0.0034238772588733027
2024-01-15,1.046738870425963,140.27269315272042,-116.14350059403625,-385.1378631534916,0.128557183098451,-9600.889381449022
2024-01-16,1.0376421737946806,147.75065024362192,-123.11853888038122,593.1875045285527,0.12639422827865537,14302.096977420864
2024-01-17,1.5536596603226498,149.6364487588596,-135.3298765149984,100.60599963962575,0.149788744462601,-1.0035551839908001e-05
2024-01-18,1.0354162396767483,165.3460894875784,-140.32811958025704,4516.628453665259,0.12398046171216333,104697.49003301446
2024-01-19,1.3082882133088283,172.91065065252158,-153.51666385709157,-1829.3232775125582,0.13445026991742512,-92979.11039823631
2024-01-22,1.4967741459523498,219.38325075596813,-202.1869069413759,-462.3731121234801,0.1320990304566665,-140607.9394453999
2024-01-23,2.8344667867356037,234.50961095466263,-238.8080584718513,1912.1201357536097,0.16577343833799732,311353.981354412
2024-01-24,2.642579360865087,266.2059990549596,-267.42684249294564,-774.8850452620517,0.15474830281939736,172931.14822319357
2024-01-25,2.3642004756412733,302.6951493359161,-302.8918795083835,2795.0480242799035,0.16187113991537116,664526.1135290446
2024-01-26,1.7666449514196902,368.69603582780593,-355.4595317601152,-3629.8409102803253,0.12474723426522058,-137596.1881749102
2024-01-29,1.6014292699428514,876.6113990564911,-855.1995683762407,-1774.0676790345879,0.09960595658107638,646627.843540942
2024-01-31,1.4465336664743023,19.505947175943568,32.52312449885182,20.01009083935871,0.03938755646895437,0.03821121119622054
2024-02-01,1.4349732083445423,20.631456362997078,34.90514092467423,21.22379782189476,0.037085656242811744,0.03642364136344269
2024-02-02,1.4515162829003803,19.73450367159668,33.014828059325644,20.135645009878417,0.03900527239447828,0.03772261783489465
2024-02-05,1.454910934670139,20.704483105833503,35.43755197072167,21.687889014141753,0.036758099606910226,0.03525204581669081
2024-02-06,1.4385083696117555,20.779103892179517,35.45195470342588,21.529141955200245,0.036999734886956605,0.03591855111683528
2024-02-07,1.434679497879184,21.197615581566215,36.34775093639521,22.22925641003498,0.03623172499788057,0.03506106083543721
2024-02-08,1.4404396890212632,20.975415457603297,35.6969149418414,21.533609905645985,0.03692042550168706,0.03581533111189925
2024-02-09,1.439327688395306,20.797485891391496,35.43087257817171,21.25607367706484,0.037369468881151925,0.036246838494241145
2024-02-12,1.4270153306285587,21.358914209810575,36.6747136938167,22.033255511118472,0.036591153240753904,0.035554369888509525
2024-02-13,1.4293798976212344,21.893524184694506,38.00044309943829,23.17828122485229,0.035354931053829135,0.034247469412706386
2024-02-14,1.4189231050518942,21.607875533383368,37.050663914770965,22.209811143925123,0.036549014764040266,0.0354552184149027
2024-02-15,1.4168171986994056,21.878748545427026,37.83328216233876,22.94665911886279,0.03586060498473817,0.03486002278238817
2024-02-16,1.4193754584306693,22.351333953980454,38.92540709003298,23.98003866369205,0.03486473464335462,0.03376050368323409
2024-02-19,1.4105257759337966,22.71541761958694,39.81926357992017,24.509404047189754,0.03463309442095314,0.03334511031273819
2024-02-20,1.4014881945904725,22.517535303543013,39.21980368622761,24.054690446486582,0.03528175049794982,0.03428920131628915
2024-02-21,970.9256397157699,-968.1693210371587,4.18112591729187,-94.07392858023792,-1143.4398467864562,-140.31718248926413
2024-02-22,248.76207392808317,-246.00415490606775,-254.1636011262892,188.10615700580814,-168.37672213986565,-824.902966406351
2024-02-23,91.91686169215208,-89.14922024453088,-197.8027950638405,716.8087213683816,-168.0294167096998,-864.3640988563068
2024-02-26,1.3843078550152996,24.062530223387846,42.58779279816249,25.904801211931694,0.03362356312977135,0.032677958136140474
2024-02-27,1.3852616565244589,23.78621551188798,42.12841338060105,26.030480611182426,0.03397318834668674,0.03303352984743527
2024-02-28,42.173327419482014,-39.278237668671295,-174.39922895003127,919.1539242235652,-164.57610731382852,-906.3257511677042
2024-02-29,40.471550809979945,-37.57579273339645,-155.24489753378285,696.4379901833611,-152.67893801682925,-722.0963193994002
2024-03-01,58.005470648319424,-55.101178681353986,-171.92191106526758,811.9725813924775,-159.06824445940435,-871.7780414087401
2024-03-04,21.127934367973516,-18.208229661698756,-140.2499023608371,808.1982895263062,-148.21363410707812,-789.7986473185822
2024-03-05,54.68515397922645,-51.75623432651004,-164.46126739253566,754.913623108712,-152.73151200670404,-801.4125766394911
2024-03-06,59.224252160282454,-56.28528547647931,-189.65931869448715,896.0970664506447,-163.22110228955694,-874.9569569531527
2024-03-07,61.76066035108867,-58.81359342925983,-192.5794077753478,823.9587238660715,-162.16553059744064,-797.2147649022045
2024-03-08,57.89012176518325,-54.944896185643294,-180.9754000814961,794.6375875161035,-157.66778804131934,-788.2954957407185
2024-03-11,61.120199873532165,-58.16912845355816,-175.20893371924245,772.7751053101392,-153.68092921516458,-794.1829237275088
2024-03-12,63.977741455989445,-61.02327976631575,-190.35933721262876,809.6528019951137,-158.78102483879164,-787.7117055677343
2024-03-13,62.66321818436857,-59.70442276518747,-204.23072038829474,896.3727164789536,-164.55291973453205,-820.4329853481614
2024-03-14,51.359352402791934,-48.40317311862901,-169.04287909741765,789.6640817908926,-151.67221614032894,-783.7663081196353
2024-03-15,46.847051326020626,-43.88861234448786,-155.5798371327692,829.1370290099743,-147.3277270464579,-854.0724858978964
2024-03-18,3.853342518966835,-0.8843039824186993,-139.53137924142848,926.1519747023199,-145.11506465641924,-790.3271813491002
2024-03-19,30.878794699542965,-27.90800376114723,-161.8867185813571,931.0941247180173,-151.02283411657,-842.8251734893059
2024-03-20,33.887562117377485,-30.91316832786651,-166.09525217478475,942.3597521714096,-151.96395285042345,-849.8872418777182
2024-03-21,28.885280709580233,-25.91128700626683,-146.82726266077063,826.3936246019988,-143.22033224747838,-777.4282593091029
2024-03-22,35.506347251913915,-32.525225032350875,-163.16798652832472,909.8277502109763,-149.2450019743244,-829.245091028578
2024-03-25,-238.44988862548604,239.23327277702285,-1.1016238927172752,153.12878621010458,-4440.498956085334,0.025278588033820142
2024-03-26,186.80634277136036,-183.80961183124512,-250.90084085461427,506.2047552798185,-160.0624457632034,-784.9904687611939
2024-03-27,125.21652783560822,-122.21626665414124,-227.5315266883309,662.5747060789583,-158.5552951614076,-743.4510959928523
2024-03-28,115.59313396842323,-112.5859512703611,-233.35325030756744,745.4025263511716,-161.5668369638639,-763.109900968669
2024-04-02,30.320483348211337,-27.297286278228565,-151.6961434378421,864.9370235286259,-141.35030805827785,-779.3659605180771
2024-04-03,27.009260574739358,-23.97592234331106,-184.56873168245863,1028.9416496355802,-154.48233455284532,-808.4179648785807
2024-04-04,32.316992335842095,-29.281379519217495,-167.0529908049242,914.3078966760766,-146.28603485762426,-777.7195407277464
2024-04-05,26.977251754931974,-23.934086368230396,-181.39204797828918,1006.2313510133829,-152.32544566759623,-792.9921505039958
2024-04-08,30.47303139801174,-27.410527356423756,-186.2902831716523,1034.9156177117734,-152.586824844605,-808.0968792374416
2024-04-09,39.959299080855395,-36.89388199217102,-176.62035425243195,964.5002098470707,-147.61531346206812,-812.6742099937118
2024-04-10,28.295585308955022,-25.226072615731347,-170.80142210878114,938.7432793836051,-146.0669134230951,-759.3487385834
2024-04-11,33.55328746625019,-30.477567628906883,-172.54117225018686,997.3093514409248,-146.82986088574575,-825.9441208220779
2024-04-12,23.103325254001103,-20.0225286965832,-172.02029243420677,923.8298272652643,-145.73174655060114,-719.0655126503888
2024-04-15,28.781812764770716,-25.68627205288845,-150.63482604779307,923.5223051499049,-137.4317858945162,-801.9579020039889
2024-04-16,20.471723052909137,-17.36637773850827,-165.24606432531024,943.8443085485253,-142.82399439444083,-737.5411050849192
2024-04-17,23.091551457389823,-19.978181344038738,-157.53915025019137,943.9464696161614,-139.66915701019292,-766.8593593245525
2024-04-18,20.566223344787986,-17.447648065186687,-167.94093987937882,988.0617243357691,-143.6558843318978,-763.0138140225162
2024-04-19,39.043849379790664,-35.918073394833705,-173.62652807651622,925.3046727914015,-142.80427384263555,-762.8955480107669
2024-04-22,55.407323614837544,-52.25692503798825,-191.08868004942838,941.2154273003847,-145.93239477308924,-780.824221489699
2024-04-23,45.80374109118564,-42.64736325866414,-194.29323338524634,947.9829254320485,-147.394335699573,-738.6967588550813
2024-04-24,52.285319155961204,-49.73032712179696,-5.388418163288905,50.621779093899995,-1191.0898311926585,-3057.9106252828005
2024-04-25,45.85146385009885,-43.29133117583227,-4.839315020960476,50.939303914733024,-1034.4971006699618,-3035.448420464438
2024-04-26,60.92642002727555,-58.35977287345427,-5.164697350052888,52.731474569665856,-1360.536645900508,-3283.602224894146
2024-04-29,56.89089410296249,-54.308371898148565,-3.5682071257321635,44.99107719624884,-1332.8306196323556,-2397.7982092473517
2024-04-30,26.342902555433263,-23.081231919893572,-181.22973715656727,1050.0356986168526,-143.2571156668057,-765.3702446879887
2024-05-01,27.570053593653466,-24.31076194398196,-150.20322285667675,870.7010024786679,-131.1516556818243,-710.6548537690093
2024-05-02,30.266263027582855,-27.002019131446346,-158.17201903729838,893.0167650028674,-133.67363451717824,-715.3299167874648
2024-05-03,38.839559868664715,-35.56903292935925,-155.60646617061144,880.6466204949112,-131.65777294789618,-745.9130470949242
2024-05-07,43.49611545073534,-40.19455565727482,-169.63753438467188,851.8587940297247,-134.1083163521071,-686.2749606032677
2024-05-08,106.2030410850106,-102.88695093174897,-237.20275137714728,844.5337374094414,-149.09648254858524,-714.9335911787052
2024-05-09,103.11122965931014,-99.79343294670308,-208.35834919360403,745.580776337053,-139.94190154677847,-706.8596901045896
2024-05-10,110.9096411283353,-107.58008939131136,-231.31959936259622,810.4667109301954,-146.3670378440098,-719.0482075120176
2024-05-13,124.927706403456,-121.57391450540973,-233.76273724085848,768.8352934860662,-144.85588239328956,-725.3799134288306
2024-05-14,148.8899792218086,-145.52513135928638,-253.7452105897633,778.8501515321096,-148.6402055749892,-766.6564628843881
2024-05-15,44.162667185456044,-41.45181803217705,-7.78305646821188,88.70030568917764,-1013.2697644629072,-2498.275424512239
2024-05-16,62.53661212430258,-59.151818388423564,-217.71740364733972,982.1409259399175,-145.40002145239512,-709.9933135663408
2024-05-17,71.8463297374273,-68.45834074212931,-188.04036226128167,839.0746457566577,-134.75966746220266,-712.3180245508937
2024-05-20,88.81820710341148,-85.40452496473611,-201.13234843850014,766.7625538324038,-135.89142766477178,-669.6764396040658
2024-05-21,99.40576042535456,-95.98555974803193,-195.53315573811938,719.449330391436,-132.92235021065014,-689.9651313104358
2024-05-22,1.342435883632711,45.865425833182364,92.11649598759246,56.27193372925179,0.018016886357796923,0.01753024342181019
2024-05-23,1.3451683570750053,45.525759762969706,91.15243173165177,55.86507517563357,0.018186514962857704,0.017688072002575283
2024-05-24,1.3449805314251881,45.11803498585631,89.80822292435603,54.540608935254575,0.01849769993410531,0.017986524384399745
2024-05-28,1.348302308344314,47.013339728797014,94.5295830250349,57.83761457657096,0.017624351771840636,0.0171665283866958
2024-05-29,1.3621737499411555,47.892914306548384,95.92425110090777,58.315679855400354,0.017354535053869653,0.01691104488779088
2024-05-30,1.359940143499287,47.84408287694396,95.59300005875897,56.33839849449448,0.017581550248895454,0.01712776198852378
2024-05-31,1.3526818081437266,50.114405148772136,102.41103259321568,63.01059182441697,0.016285425454446445,0.016038766863648413
2024-06-03,1.3472233852179523,51.395623836885306,104.30815116728543,63.850589626305975,0.01606213150788173,0.015777291094406072
2024-06-04,1.3415990740181405,51.26948321977866,103.07897005198396,62.30322201725094,0.016343123934801782,0.015933421979606784
2024-06-05,1.3420486049633673,53.176936682503886,108.60480329144795,65.11997287268811,0.015659540999942552,0.015126609474113345
2024-06-06,1.3433284115130122,53.484698835578435,109.40295147259516,67.43941270576886,0.01535730642810274,0.015117864817618145
2024-06-07,1.353204930852172,53.770479075275404,110.71425050522542,67.9854553787339,0.015255831355567384,0.014850245101839634
2024-06-10,1.3538679515516472,54.87937037389943,112.821523587026,69.9453799407698,0.014920937905458625,0.014652042261047186
2024-06-11,1.425257476504789,53.896093589317545,110.36312736154652,66.46534422409358,0.015283663507726962,0.01487199904515803
2024-06-12,1.4063986841672944,54.613621510554594,110.84785320797293,67.18509808548366,0.015202698896141087,0.014831665585968011
2024-06-13,1.403562036637506,56.19667439770239,113.31433913252349,66.17400686745833,0.015030529673290967,0.014637740444806762
2024-06-14,1.386407417255749,56.651127883020145,115.77939642453957,69.48782548241661,0.014700152405700374,0.014296579261856426
2024-06-17,1.3802804863336287,59.565613408259786,122.01094301921665,73.68356648780211,0.013978872318963576,0.013600135859870712
2024-06-18,1.370442451758688,60.31968380179929,123.10798586557277,75.36343114038499,0.013846984019438171,0.013380041596475975
2024-06-19,1.3686208152126684,59.14057164497301,119.08150926827334,69.36429296283089,0.014457476937137297,0.014061351981599714
2024-06-20,1.3653623584458523,61.905470235873764,126.61298235930342,76.25294624812643,0.013563323585008691,0.01310795887851725
2024-06-21,1.3635776371438582,60.643493436964164,122.929158944146,75.33223684798658,0.013851591719159095,0.013506699167772402
2024-06-24,1.354094496543282,62.92339703488018,127.24135250791737,77.96611454067182,0.01343138376542184,0.013081322690243511
2024-06-25,1.3488830618230214,65.43916617432086,131.7560145859553,80.00667760554411,0.013017631896002146,0.01265519117023852
2024-06-26,1.3532038329178846,66.5847063145149,136.85881767933824,84.08597560206798,0.012553590879541238,0.012212944301009398
2024-06-27,1.3492851099286063,68.87932631621203,141.98861880785927,87.77942116478027,0.012126625420655526,0.011718052252211746
2024-06-28,1.3523731415506606,66.97644930708603,136.2416523111798,83.06052600018695,0.012625878410767162,0.012299983153839974
2024-07-01,1.3560416890613038,70.7841923471579,144.29576104905289,86.87361776632154,0.011998339235613309,0.011684114699543039
2024-07-02,1.3517171435003206,74.18685833138994,152.72813239730536,93.45735486018236,0.011327791692664353,0.01102349214972772
2024-07-03,1.3396946505499374,76.2641135778092,158.05390668950457,97.11340335466654,0.010940755955230884,0.010761173998868162
2024-07-04,1.3417396985821952,77.48585748349585,159.48718352724174,97.8248548482985,0.010841183273101901,0.010652563019278543
2024-07-05,1.3327898968162257,77.68080939818282,159.03269029421926,97.61907537499515,0.010907065525336409,0.010610562256608136
2024-07-08,1.3265104735231996,82.53128319119051,168.08422524042945,104.24017869075313,0.010309138243986679,0.01003316056581025
2024-07-09,1.3314916159236097,84.15676742113605,170.69988371024834,104.27220902763386,0.010190996030861111,0.009913092653674434
2024-07-10,1.326703345307774,85.0757503645939,174.51193581582498,108.15262357986317,0.009964946728835898,0.00969880610666702
2024-07-11,1.3194653281711455,83.73828378977501,169.39305134492213,107.41360104283967,0.01017703015701535,0.009916826586505709
2024-07-12,1.322032693255688,87.92469859240889,181.77974999074,114.48211880778425,0.009559156724224702,0.009306170545965733
2024-07-15,1.3184281061752634,94.34506941473339,189.87460683578553,121.95211917370405,0.009045946764807878,0.008881132402484976
2024-07-16,1.314501438897856,95.69250715009427,191.7783621625688,121.18440862199697,0.00902552738836356,0.008777471072192353
2024-07-17,1.313652324399701,98.54848958077393,198.37725024744447,128.3944085587231,0.008678600805109687,0.008447972006566613
2024-07-18,1.31041076943027,101.80240218999636,203.92145174378516,132.25031004696552,0.008456431665625649,0.008168001093553619
2024-07-19,1.3194213883864268,99.37616718560143,191.5646686845312,127.38686208684398,0.008835341306552651,0.008599747776040495
2024-07-22,1.3206825723528366,109.87591030544964,217.4103220115797,142.77690733677375,0.007883239650779462,0.007668599420110162
2024-07-23,1.3189735655633492,112.39218794698542,222.05629261484063,146.03970551143394,0.007699713372015354,0.007555057382672991
2024-07-24,1.3186474282185927,115.46586916242566,228.9575770172273,147.45859046104619,0.007545831464605138,0.007342148464093703
2024-07-25,1.3164002514196786,118.4843925868264,234.27206642547628,155.32117466055416,0.007291777058689524,0.007165290458748474
2024-07-26,1.3138002287141448,118.00221710484982,219.74965960068786,149.23325461272694,0.007639043341462062,0.007428475176627302
2024-07-29,1.3040189825783544,133.38262707661687,254.02280338838293,172.79733152767122,0.006658342202461975,0.0064814032836940285
2024-07-30,1.3010000353443503,135.81131748241515,249.90434986122867,174.48632683042126,0.0066650294475944765,0.006487487120056981
2024-07-31,1.2941042558008011,143.00245584935,258.2940105465003,185.7939299172274,0.006353868660533936,0.006227251736131032
2024-08-01,1.2821747820391842,146.4360278027759,258.3115551520715,187.76572007957904,0.006332567389853474,0.00611641300696278
2024-08-02,1.2781768413198686,148.1953433294682,249.00289877714016,188.7715130807351,0.006404823833284265,0.006200939869544331
2024-08-05,1.2718697440500575,179.62819117146438,266.3825650714303,229.09347789144303,0.005588304845387477,0.005368241458371181
2024-08-06,1.5335626590658833,64.7481642097642,-53.8178389901206,67.36807759219197,0.18869596041518896,-3.6602551071001907e-06
2024-08-07,1.2785343551372386,192.9189965557545,289.06731119462387,233.28368379882446,0.005252230117803418,0.005118308846048476
2024-08-08,1.5331738502776087,68.21089786532413,-56.75583199505926,68.42266384907549,0.18271962520040452,-3.724535346803524e-05
2024-08-09,1.9304152055080859,-1.9495775238378887,-1.582694421691372,200.7484435617234,2.2218877578150646,0.021919037156922182
2024-08-12,1.923321517045925,-1.9469573853993534,-1.592531021290889,221.81790551849124,2.2067144908127947,0.01987948922763793
2024-08-13,1.9085681311858145,-1.9373863947731629,-1.5792819739822421,229.893594103955,2.1924590730963707,0.019202060071590473
2024-08-14,1.891325223146986,-1.9255303471492131,-1.5655356334806318,238.62919767433084,2.1727830890107898,0.01852037433462172
2024-08-15,1.9097862013682778,-1.9408604431265861,-1.596577576934983,248.300783328077,2.1811454737786424,0.01780711359575531
2024-08-16,1.9030194981479025,-1.9364013803040614,-1.5996871821585936,258.7243676600797,2.1645790597426946,0.017106132029153426
2024-08-19,1.9005480279468099,-1.9370124597746186,-1.6223199194403328,296.6818605056421,2.1462296761678044,0.014959405591408584
2024-08-20,1.8918984911357355,-1.9309741068853652,-1.6219274284933856,312.11926600262024,2.133193425146711,0.014235291250727021
2024-08-21,1.888831553749539,-1.9292366324436236,-1.6269714426215605,329.3755574796712,2.126219503266761,0.013504220686611274
2024-08-22,1.9013415452112314,-1.9386863253166327,-1.6540207806546794,348.9173817188367,2.13053283592616,0.012757255416042654
2024-08-23,1.8872143831145862,127.80871705371608,-95.5479848905559,-3.7613273102299276,0.10359029232870878,1.6965222432719056
2024-08-27,1.8947702455572373,-1.9362445077668349,-1.7167033165873515,498.73136699739604,2.0805559060107677,0.008985075035171345
2024-08-28,1.895535204872074,-1.937632548872311,-1.7318815326910721,546.617825662477,2.073382790240837,0.008210771796219962
2024-08-29,1.4087293453098637,187.72255604297254,-163.19488108708052,-533.3456853847115,0.10991473572496765,-142778.62118311416
2024-08-30,0.10146318895803053,221.54375297060562,-165.8229357921939,5.320932060324021,0.07613197187543719,17.8849417488933
2024-09-02,0.9026603282194525,320.83467548774314,-278.3336340294271,343.0555861208917,0.08267878212647765,7032.601498510844
2024-09-03,0.8961401658249772,392.0782128360709,-346.71253410399567,-244.93703397719486,0.07819987892607388,-5107.6457212966925
2024-09-04,1.3664185600405128,508.8292104964465,-469.64130481718115,3913.441301428,0.07533399229850411,784237.2927023869
2024-09-05,1.3515508898084447,739.9101260417491,-698.3444060222348,-3888.9761396678095,0.07192945868202816,-767400.5993428525
2024-09-06,1.3072530907208921,32.58894669427235,71.06257424537225,40.307569241378616,0.025393889521576903,0.02480472356766721
2024-09-09,1.300535781305328,34.21786227493655,75.71985767588019,43.73335941997989,0.024026542555945662,0.023257067895772438
2024-09-10,1.2965140154114563,33.4331234293846,73.7090653225154,42.41979805527478,0.02465965698798499,0.024071544408007812
2024-09-11,1.2881201955206287,33.85742565224185,74.870235601219,42.9361468769392,0.02436013971593093,0.02380833560465739
2024-09-12,1.2895378869123566,35.599756472601776,79.73931794366227,45.626218484387714,0.022970817828373957,0.02239899099970253
2024-09-13,1.2866405684458375,35.9486117281373,80.68975346460721,45.98225462760239,0.022680198946175456,0.02240358893622026
2024-09-16,1.2802750573698176,36.21752140729764,81.73293474533469,46.63167961691385,0.02255551944207577,0.02198991770077822
2024-09-17,1.279867602730951,36.4525165100164,82.37402394290164,47.52551423667546,0.022253269891537357,0.021965314410624874
2024-09-18,1.2853310173286656,35.872521953921606,80.70858079953912,46.41043251997559,0.02275801570868652,0.022260718338051193
2024-09-19,1.2886323416081362,35.946583140389826,81.32610423970534,45.436037629017896,0.022798853875139816,0.02227627867783057
2024-09-20,1.2903503626132733,36.52551671200025,82.56229846704757,46.107376398852765,0.022461362177879234,0.021946332819692566
2024-09-23,1.2891705578200865,38.17895342088209,87.74960181675804,50.45972629187513,0.021082123626617513,0.02060671094136976
2024-09-24,1.2878178940343168,38.738750293991124,89.23631977158401,50.371524641457434,0.020927365561523817,0.020244929937453332
2024-09-25,1.292902745322171,38.04077602450015,87.32667644947925,49.87968478234904,0.021224828234973334,0.02077023991603748
2024-09-26,1.2952389175685781,38.76986796657304,89.20089908125114,50.976044605886834,0.020801570803892666,0.020316811740856477
2024-09-27,1.293336643804409,39.925232300475024,92.50265053521248,52.147192606310185,0.020193018502424602,0.01970387326814214
2024-09-30,1.2910006027012255,39.983672435297194,92.8723955722849,53.356578470991025,0.020073916227575688,0.019581785957431642
2024-10-01,1.2818711826407407,38.6602043307419,88.89423737716241,51.50017460932864,0.020917865891562422,0.02044017803526495
2024-10-02,1.2918457820791134,41.23543639794519,96.90259077758122,55.01259689760824,0.019428865643885542,0.018781906984100358
2024-10-03,1.2895079267479712,40.800087416385345,95.4859562108787,54.27947635125431,0.019651075948538217,0.019222709937860953
2024-10-04,1.2983887731660237,41.08996234337234,97.0837847481585,54.79953632299688,0.01938641829319097,0.018982900479573867
2024-10-07,1.3027382726795989,41.013572567044115,96.30792682209105,55.46086657955133,0.019447823105917385,0.019029167972608653
2024-10-08,1.3020999529074653,42.92827979700374,102.12775097821489,58.790566112859295,0.018357069878960193,0.01814687105740614
2024-10-09,1.3008625537492724,41.81982344245777,98.31407620677689,56.347971386553766,0.01911877251045715,0.018713470262178334
2024-10-10,1.3057713165522775,42.704585999616675,101.66022094509034,58.498213365462526,0.018519414018571486,0.01812946225302112
2024-10-11,1.30404947275792,43.43872541529419,103.41219017662836,59.67586433970326,0.01821327366210462,0.017829620690673183
2024-10-14,1.3062520278445822,45.1535643573194,108.82558683997173,62.341451955909214,0.017426884813040517,0.017080192493816815
2024-10-15,1.2955389070012744,44.71779716231676,106.97697546785011,60.93506815828236,0.01778016596871096,0.017415424931467343
2024-10-16,1.2848640815989847,45.54134330000575,109.50726715794643,63.025781067122026,0.01739216302501251,0.017005256640052473
2024-10-17,1.289509354904926,45.32973523456902,108.73782862451758,62.05016217311836,0.01754686356615135,0.017183294951534176
2024-10-18,1.28649778139839,45.50851267233737,109.45263472167869,61.67981274510613,0.017533374617092097,0.01715558424831317
2024-10-21,1.2952470971959535,48.057097546879874,117.11501106601958,67.24888252882135,0.016382699650349136,0.01600650279318726
2024-10-22,1.299644546541036,48.06977277433369,117.21695826650186,66.87464912838031,0.016432899513282636,0.015970788824324456
2024-10-23,1.3034971678670975,49.48445936847745,121.74383156031192,68.21123310190573,0.015906529092536245,0.01556647211396349
2024-10-24,1.300799159059102,49.305905822801634,120.65805027975495,69.35553016441708,0.01594277563256036,0.015580992644452812
2024-10-25,1.296309653660671,48.675909895280945,118.97742550640488,68.24282193634542,0.01618780474369659,0.01585961460066918
2024-10-28,1.2960468131177358,51.57612468223448,127.38148348819055,70.38722445088554,0.015369282712643092,0.015016187823769324
2024-10-29,1.2979465573981228,52.394636347625024,129.9990416931792,73.87700529195776,0.014995100072782085,0.01455373736664099
2024-10-30,1.301339182809426,51.28020817631199,126.7600236406581,73.16212029801508,0.015263404302874541,0.014960073040303456
2024-10-31,1.3055739308439707,53.3062229656957,132.5308406984215,74.89785681195595,0.014717112192130686,0.014406484987586773
2024-11-01,1.3072350025314459,53.408608061334554,133.30071444406445,76.5551083327843,0.01461991609361281,0.014202500899528831
2024-11-04,1.3028257848041207,55.821254611931245,140.45597109553566,80.88777416043457,0.013942468248601236,0.013532469973417505
2024-11-05,1.3067857962412348,57.0223103365575,143.88662938909587,82.05575717314905,0.013631024295790203,0.01334563677545824
2024-11-06,1.3116164565427229,56.75545659573676,143.70484859254458,81.42631807731065,0.013681863007116282,0.013423494664906353
2024-11-07,1.3040741348635858,56.080204966895025,140.51384527910477,81.08110729247724,0.013926423789813173,0.013636444803312933
2024-11-08,1.2964479355690548,58.938560203930784,149.62321582632316,85.95411312694917,0.013158977880181548,0.01287400954619078
2024-11-11,1.2898190519887245,59.10591927176965,148.5938475759298,84.67050656802222,0.013304098104640854,0.013039224147417513
2024-11-12,1.2919767065496799,61.86434302126212,157.36166333326003,90.68203684853965,0.012568128039144009,0.012302526875840344
2024-11-13,1.3050060596926731,61.43670562609814,148.70153895253503,87.62208195850323,0.013095710028062398,0.012814530071634503
2024-11-14,1.3046559679876129,64.71884502580676,158.4212830564815,92.99126174739965,0.012315206658162764,0.01216330517556866
2024-11-15,1.3030278076866906,63.90231824078291,155.8392454265835,90.7519830603269,0.012583122491591346,0.012330999716537719
2024-11-18,1.2988778138926473,67.34334554495499,165.19061845252165,97.37981403176559,0.011891624073212351,0.011651455449968135
2024-11-19,1.2925612142400529,67.16782908207261,164.24102225779748,94.19415812496989,0.01207138148728931,0.011823854479159956
2024-11-20,1.2975655329822193,69.95134305436507,173.46610092811756,102.4995762747195,0.011377123373515945,0.0111274640939055
2024-11-21,1.2939036235274117,67.86913949886443,166.5370916109512,98.67613110363476,0.011829779129510162,0.011586033473504525
2024-11-22,1.2889190361196536,72.51023754496008,179.73834334452445,106.24056906178627,0.010981987345537163,0.010850544622451917
2024-11-25,1.2801871672279976,75.36316965280875,188.60472401530828,110.91041862127472,0.0105822150746227,0.01035311779388939
